{"cameraMode":{"drawMode":0,"name":"Shaded","section":"Shading Mode"},"sceneLighting":true,"audioPlay":false,"sceneViewState":{"m_AlwaysRefresh":false,"showFog":true,"showSkybox":true,"showFlares":true,"showImageEffects":true,"showParticleSystems":true,"showVisualEffectGraphs":true,"m_FxEnabled":true},"in2DMode":false,"pivot":{"x":-0.09399533271789551,"y":-3.7030749320983888,"z":-9.697800636291504},"rotation":{"x":-0.025807159021496774,"y":0.9680078029632568,"z":-0.22309154272079469,"w":-0.11201166361570358},"size":8.622007369995118,"orthographic":false}