{"cameraMode":{"drawMode":0,"name":"Shaded","section":"Shading Mode"},"sceneLighting":false,"audioPlay":false,"sceneViewState":{"m_AlwaysRefresh":false,"showFog":true,"showSkybox":false,"showFlares":true,"showImageEffects":true,"showParticleSystems":true,"showVisualEffectGraphs":true,"m_FxEnabled":true},"in2DMode":false,"pivot":{"x":6.6200385093688969,"y":-1.2507007122039796,"z":-3.569951057434082},"rotation":{"x":0.00440770061686635,"y":0.9822575449943543,"z":0.02327503263950348,"w":-0.18605592846870423},"size":1.0661789178848267,"orthographic":false}